        invoice_no,customer_name,customer_phone,customer_address,product_title,collection,remarks
1234,Monir,1710000000,"Banani, Dhaka",box,100,ahjjd
12576,Monir,1710000001,"Banani, Dhaka",box,101,dsfdsf
23918,Monir,1710000002,"Banani, Dhaka",box,102,dfd
35260,Monir,1710000003,"Banani, Dhaka",box,103,
46602,Monir,1710000004,"Banani, Dhaka",box,104,
57944,Monir,1710000005,"Banani, Dhaka",box,105,
69286,Monir,1710000006,"Banani, Dhaka",box,106,
80628,Monir,1710000007,"Banani, Dhaka",box,107,
91970,Monir,1710000008,"Banani, Dhaka",box,108,
103312,Monir,1710000009,"Banani, Dhaka",box,109,
114654,Monir,1710000010,"Banani, Dhaka",box,110,
125996,Monir,1710000011,"Banani, Dhaka",box,111,
137338,Monir,1710000012,"Banani, Dhaka",box,112,
148680,Monir,1710000013,"Banani, Dhaka",box,113,
160022,Monir,1710000014,"Banani, Dhaka",box,114,
171364,Monir,1710000015,"Banani, Dhaka",box,115,
182706,Monir,1710000016,"Banani, Dhaka",box,116,
194048,Monir,1710000017,"Banani, Dhaka",box,117,
205390,Monir,1710000018,"Banani, Dhaka",box,118,
216732,Monir,1710000019,"Banani, Dhaka",box,119,
228074,Monir,1710000020,"Banani, Dhaka",box,120,
239416,Monir,1710000021,"Banani, Dhaka",box,121,
250758,Monir,1710000022,"Banani, Dhaka",box,122,
262100,Monir,1710000023,"Banani, Dhaka",box,123,
273442,Monir,1710000024,"Banani, Dhaka",box,124,
